terminal,period,mean_ia_sec,lambda_min,ks_stat,p_value,num_samples
Kadikoy (A1),am_peak,1.751417064488608,34.2579738524583,0.02818559089138445,0.0,747822
Kadikoy (A1),midday,4.370850653894885,13.727304991886129,0.02864100796370789,0.0,1198893
Kadikoy (A1),pm_peak,5.849813789495337,10.256736737115217,0.029021985398994914,4.502534698838358e-164,223634
Kadikoy (A1),low,11.644922370826091,5.152460281772028,0.02866988139499316,1.3125709303016345e-160,224310
Eminonu (E1),am_peak,15.57458346164405,3.852430477371265,0.02727610389455825,1.391677402453576e-54,83781
Eminonu (E1),midday,11.663067785550277,5.144444077941122,0.028697890716527695,0.0,449019
Eminonu (E1),pm_peak,4.651597024156513,12.898795765929437,0.029531506999101717,1.3833037857627005e-213,281332
Eminonu (E1),low,31.003732960853835,1.935250831754926,0.03000541954853317,5.96604035856103e-66,83763
